MEAN_RR,MEDIAN_RR,SDRR,RMSSD,SDSD,SDRR_RMSSD,HR,pNN50,SD1,SD2,VLF,LF,LF_NU,HF,HF_NU,TP,LF_HF,HF_LF
833.5948412519932,833.3333333333334,45.17452552229285,12.772843889011938,12.747239484474385,3.536763301488013,72.18620689655172,0.0,9.045120866173425,63.242875494753484,905.9433470398582,638.9036778770807,95.43778012382967,30.54156387949503,4.5622198761703325,1575.3885887964339,20.919153989558055,0.047803080396996794
