MEAN_RR,MEDIAN_RR,SDRR,RMSSD,SDSD,SDRR_RMSSD,HR,pNN50,SD1,SD2,VLF,LF,LF_NU,HF,HF_NU,TP,LF_HF,HF_LF,condition
471.7935855,461.6477273,51.38360066,74.81729092,74.81360551,0.686787774,128.5,50,56.11020413,46.17568435,6.347643752,27.38481911,19.24707375,114.8956099,80.75292625,148.6280728,0.238345217,4.195594991,interruption
456.1071317,458.041958,33.38231324,49.99242008,49.60159323,0.667747494,132.2,40,37.20119493,29.06593831,13.01850166,39.01624405,44.385351,48.88718166,55.614649,100.9219274,0.798087407,1.252995588,interruption
976.4873525961211,930.2884615384615,111.59326582514082,181.55165924600084,181.55165924600084,0.6146639820786929,62.1,60.0,136.16374443450061,79.7843885520036,2.932003588918023,137.53319509678647,4.646922050970945,2822.128998247941,95.35307794902906,2962.5941969336454,0.04873384426515267,20.5196207087454,interruption
1009.5298839065072,977.2245762711864,114.30769617352188,201.20248803297756,200.74962224372211,0.5681226772642423,60.1,80.0,150.5622166827916,58.85165857102492,45.32529473416584,884.6995663326511,34.095381070590506,1710.078783558743,65.9046189294095,2640.10364462556,0.517344332225183,1.9329485947953382,interruption
